{
    "swagger": "2.0",
    "info": {
        "description": "Using a translation service as an example",
        "title": "Go Clean Template API",
        "contact": {},
        "version": "1.0"
    },
    "host": "localhost:8080",
    "basePath": "/v1",
    "paths": {
        "/translation/do-translate": {
            "post": {
                "description": "Translate a text",
                "consumes": [
                    "application/json"
                ],
                "produces": [
                    "application/json"
                ],
                "tags": [
                    "translation"
                ],
                "summary": "Translate",
                "operationId": "do-translate",
                "parameters": [
                    {
                        "description": "Set up translation",
                        "name": "request",
                        "in": "body",
                        "required": true,
                        "schema": {
                            "$ref": "#/definitions/v1.doTranslateRequest"
                        }
                    }
                ],
                "responses": {
                    "200": {
                        "description": "OK",
                        "schema": {
                            "$ref": "#/definitions/entity.Translation"
                        }
                    },
                    "400": {
                        "description": "Bad Request",
                        "schema": {
                            "$ref": "#/definitions/v1.response"
                        }
                    },
                    "500": {
                        "description": "Internal Server Error",
                        "schema": {
                            "$ref": "#/definitions/v1.response"
                        }
                    }
                }
            }
        },
        "/translation/history": {
            "get": {
                "description": "Show all translation history",
                "consumes": [
                    "application/json"
                ],
                "produces": [
                    "application/json"
                ],
                "tags": [
                    "translation"
                ],
                "summary": "Show history",
                "operationId": "history",
                "responses": {
                    "200": {
                        "description": "OK",
                        "schema": {
                            "$ref": "#/definitions/v1.historyResponse"
                        }
                    },
                    "500": {
                        "description": "Internal Server Error",
                        "schema": {
                            "$ref": "#/definitions/v1.response"
                        }
                    }
                }
            }
        }
    },
    "definitions": {
        "entity.Translation": {
            "type": "object",
            "properties": {
                "destination": {
                    "type": "string",
                    "example": "en"
                },
                "original": {
                    "type": "string",
                    "example": "текст для перевода"
                },
                "source": {
                    "type": "string",
                    "example": "auto"
                },
                "translation": {
                    "type": "string",
                    "example": "text for translation"
                }
            }
        },
        "v1.doTranslateRequest": {
            "type": "object",
            "required": [
                "destination",
                "original",
                "source"
            ],
            "properties": {
                "destination": {
                    "type": "string",
                    "example": "en"
                },
                "original": {
                    "type": "string",
                    "example": "текст для перевода"
                },
                "source": {
                    "type": "string",
                    "example": "auto"
                }
            }
        },
        "v1.historyResponse": {
            "type": "object",
            "properties": {
                "history": {
                    "type": "array",
                    "items": {
                        "$ref": "#/definitions/entity.Translation"
                    }
                }
            }
        },
        "v1.response": {
            "type": "object",
            "properties": {
                "error": {
                    "type": "string",
                    "example": "message"
                }
            }
        }
    }
}